datetime,timestamp,tag_name,value,quality
2025-06-27 04:30:03,1814265003,rate.SN-5-FIT-1-SQ-AFR,3781.0,GOOD
2025-06-27 04:30:08,1814265008,rate.SN-5-FIT-1-SQ-AFR,3784.0,GOOD
2025-06-27 04:30:13,1814265013,rate.SN-5-FIT-1-SQ-AFR,3788.0,GOOD
2025-06-27 04:30:18,1814265018,rate.SN-5-FIT-1-SQ-AFR,3792.0,GOOD
2025-06-27 04:30:23,1814265023,rate.SN-5-FIT-1-SQ-AFR,3795.0,GOOD
2025-06-27 04:30:28,1814265028,rate.SN-5-FIT-1-SQ-AFR,3795.0,GOOD
2025-06-27 04:30:33,1814265033,rate.SN-5-FIT-1-SQ-AFR,3794.0,GOOD
2025-06-27 04:30:38,1814265038,rate.SN-5-FIT-1-SQ-AFR,3793.0,GOOD
2025-06-27 04:30:43,1814265043,rate.SN-5-FIT-1-SQ-AFR,3792.0,GOOD
2025-06-27 04:30:48,1814265048,rate.SN-5-FIT-1-SQ-AFR,3790.0,GOOD
2025-06-27 04:30:53,1814265053,rate.SN-5-FIT-1-SQ-AFR,3789.0,GOOD
2025-06-27 04:30:58,1814265058,rate.SN-5-FIT-1-SQ-AFR,3787.0,GOOD
2025-06-27 04:31:03,1814265063,rate.SN-5-FIT-1-SQ-AFR,3787.0,GOOD
2025-06-27 04:31:08,1814265068,rate.SN-5-FIT-1-SQ-AFR,3788.0,GOOD
2025-06-27 04:31:13,1814265073,rate.SN-5-FIT-1-SQ-AFR,3787.0,GOOD
2025-06-27 04:31:18,1814265078,rate.SN-5-FIT-1-SQ-AFR,3785.0,GOOD
2025-06-27 04:31:23,1814265083,rate.SN-5-FIT-1-SQ-AFR,3785.0,GOOD
2025-06-27 04:31:28,1814265088,rate.SN-5-FIT-1-SQ-AFR,3783.0,GOOD
2025-06-27 04:31:33,1814265093,rate.SN-5-FIT-1-SQ-AFR,3783.0,GOOD
2025-06-27 04:31:38,1814265098,rate.SN-5-FIT-1-SQ-AFR,3782.0,GOOD
2025-06-27 04:31:43,1814265103,rate.SN-5-FIT-1-SQ-AFR,3780.0,GOOD
2025-06-27 04:31:48,1814265108,rate.SN-5-FIT-1-SQ-AFR,3779.0,GOOD
2025-06-27 04:31:53,1814265113,rate.SN-5-FIT-1-SQ-AFR,3776.0,GOOD
2025-06-27 04:31:58,1814265118,rate.SN-5-FIT-1-SQ-AFR,3775.0,GOOD
2025-06-27 04:32:03,1814265123,rate.SN-5-FIT-1-SQ-AFR,3775.0,GOOD
2025-06-27 04:32:08,1814265128,rate.SN-5-FIT-1-SQ-AFR,3774.0,GOOD
2025-06-27 04:32:13,1814265133,rate.SN-5-FIT-1-SQ-AFR,3774.0,GOOD
2025-06-27 04:32:18,1814265138,rate.SN-5-FIT-1-SQ-AFR,3774.0,GOOD
2025-06-27 04:32:23,1814265143,rate.SN-5-FIT-1-SQ-AFR,3772.0,GOOD
2025-06-27 04:32:28,1814265148,rate.SN-5-FIT-1-SQ-AFR,3773.0,GOOD
2025-06-27 04:32:33,1814265153,rate.SN-5-FIT-1-SQ-AFR,3773.0,GOOD
2025-06-27 04:32:38,1814265158,rate.SN-5-FIT-1-SQ-AFR,3773.0,GOOD
2025-06-27 04:32:43,1814265163,rate.SN-5-FIT-1-SQ-AFR,3772.0,GOOD
2025-06-27 04:32:48,1814265168,rate.SN-5-FIT-1-SQ-AFR,3771.0,GOOD
2025-06-27 04:32:53,1814265173,rate.SN-5-FIT-1-SQ-AFR,3770.0,GOOD
2025-06-27 04:32:58,1814265178,rate.SN-5-FIT-1-SQ-AFR,3770.0,GOOD
2025-06-27 04:33:03,1814265183,rate.SN-5-FIT-1-SQ-AFR,3772.0,GOOD
2025-06-27 04:33:08,1814265188,rate.SN-5-FIT-1-SQ-AFR,3773.0,GOOD
2025-06-27 04:33:13,1814265193,rate.SN-5-FIT-1-SQ-AFR,3774.0,GOOD
2025-06-27 04:33:18,1814265198,rate.SN-5-FIT-1-SQ-AFR,3774.0,GOOD
2025-06-27 04:33:23,1814265203,rate.SN-5-FIT-1-SQ-AFR,3773.0,GOOD
2025-06-27 04:33:28,1814265208,rate.SN-5-FIT-1-SQ-AFR,3772.0,GOOD
2025-06-27 04:33:33,1814265213,rate.SN-5-FIT-1-SQ-AFR,3772.0,GOOD
2025-06-27 04:33:38,1814265218,rate.SN-5-FIT-1-SQ-AFR,3772.0,GOOD
2025-06-27 04:33:43,1814265223,rate.SN-5-FIT-1-SQ-AFR,3771.0,GOOD
2025-06-27 04:33:48,1814265228,rate.SN-5-FIT-1-SQ-AFR,3771.0,GOOD
2025-06-27 04:33:53,1814265233,rate.SN-5-FIT-1-SQ-AFR,3770.0,GOOD
2025-06-27 04:33:58,1814265238,rate.SN-5-FIT-1-SQ-AFR,3771.0,GOOD
2025-06-27 04:34:03,1814265243,rate.SN-5-FIT-1-SQ-AFR,3770.0,GOOD
2025-06-27 04:34:08,1814265248,rate.SN-5-FIT-1-SQ-AFR,3767.0,GOOD
2025-06-27 04:34:13,1814265253,rate.SN-5-FIT-1-SQ-AFR,3765.0,GOOD
2025-06-27 04:34:18,1814265258,rate.SN-5-FIT-1-SQ-AFR,3763.0,GOOD
2025-06-27 04:34:23,1814265263,rate.SN-5-FIT-1-SQ-AFR,3760.0,GOOD
2025-06-27 04:34:28,1814265268,rate.SN-5-FIT-1-SQ-AFR,3761.0,GOOD
2025-06-27 04:34:33,1814265273,rate.SN-5-FIT-1-SQ-AFR,3760.0,GOOD
2025-06-27 04:34:38,1814265278,rate.SN-5-FIT-1-SQ-AFR,3760.0,GOOD
2025-06-27 04:34:43,1814265283,rate.SN-5-FIT-1-SQ-AFR,3760.0,GOOD
2025-06-27 04:34:48,1814265288,rate.SN-5-FIT-1-SQ-AFR,3759.0,GOOD
2025-06-27 04:34:53,1814265293,rate.SN-5-FIT-1-SQ-AFR,3760.0,GOOD
2025-06-27 04:34:58,1814265298,rate.SN-5-FIT-1-SQ-AFR,3760.0,GOOD
2025-06-27 04:35:03,1814265303,rate.SN-5-FIT-1-SQ-AFR,3760.0,GOOD
2025-06-27 04:35:08,1814265308,rate.SN-5-FIT-1-SQ-AFR,3760.0,GOOD
2025-06-27 04:35:13,1814265313,rate.SN-5-FIT-1-SQ-AFR,3759.0,GOOD
2025-06-27 04:35:18,1814265318,rate.SN-5-FIT-1-SQ-AFR,3759.0,GOOD
2025-06-27 04:35:23,1814265323,rate.SN-5-FIT-1-SQ-AFR,3760.0,GOOD
2025-06-27 04:35:28,1814265328,rate.SN-5-FIT-1-SQ-AFR,3760.0,GOOD
2025-06-27 04:35:33,1814265333,rate.SN-5-FIT-1-SQ-AFR,3761.0,GOOD
2025-06-27 04:35:38,1814265338,rate.SN-5-FIT-1-SQ-AFR,3762.0,GOOD
2025-06-27 04:35:43,1814265343,rate.SN-5-FIT-1-SQ-AFR,3762.0,GOOD
2025-06-27 04:35:48,1814265348,rate.SN-5-FIT-1-SQ-AFR,3762.0,GOOD
2025-06-27 04:35:53,1814265353,rate.SN-5-FIT-1-SQ-AFR,3761.0,GOOD
2025-06-27 04:35:58,1814265358,rate.SN-5-FIT-1-SQ-AFR,3763.0,GOOD
2025-06-27 04:36:03,1814265363,rate.SN-5-FIT-1-SQ-AFR,3764.0,GOOD
2025-06-27 04:36:08,1814265368,rate.SN-5-FIT-1-SQ-AFR,3764.0,GOOD
2025-06-27 04:36:13,1814265373,rate.SN-5-FIT-1-SQ-AFR,3764.0,GOOD
2025-06-27 04:36:18,1814265378,rate.SN-5-FIT-1-SQ-AFR,3758.0,GOOD
2025-06-27 04:36:23,1814265383,rate.SN-5-FIT-1-SQ-AFR,3753.0,GOOD
2025-06-27 04:36:28,1814265388,rate.SN-5-FIT-1-SQ-AFR,3745.0,GOOD
2025-06-27 04:36:33,1814265393,rate.SN-5-FIT-1-SQ-AFR,3741.0,GOOD
2025-06-27 04:36:38,1814265398,rate.SN-5-FIT-1-SQ-AFR,3742.0,GOOD
2025-06-27 04:36:43,1814265403,rate.SN-5-FIT-1-SQ-AFR,3749.0,GOOD
2025-06-27 04:36:48,1814265408,rate.SN-5-FIT-1-SQ-AFR,3755.0,GOOD
2025-06-27 04:36:53,1814265413,rate.SN-5-FIT-1-SQ-AFR,3758.0,GOOD
2025-06-27 04:36:58,1814265418,rate.SN-5-FIT-1-SQ-AFR,3760.0,GOOD
2025-06-27 04:37:03,1814265423,rate.SN-5-FIT-1-SQ-AFR,3762.0,GOOD
2025-06-27 04:37:08,1814265428,rate.SN-5-FIT-1-SQ-AFR,3762.0,GOOD
2025-06-27 04:37:13,1814265433,rate.SN-5-FIT-1-SQ-AFR,3762.0,GOOD
2025-06-27 04:37:18,1814265438,rate.SN-5-FIT-1-SQ-AFR,3762.0,GOOD
2025-06-27 04:37:23,1814265443,rate.SN-5-FIT-1-SQ-AFR,3761.0,GOOD
2025-06-27 04:37:28,1814265448,rate.SN-5-FIT-1-SQ-AFR,3762.0,GOOD
2025-06-27 04:37:33,1814265453,rate.SN-5-FIT-1-SQ-AFR,3762.0,GOOD
2025-06-27 04:37:38,1814265458,rate.SN-5-FIT-1-SQ-AFR,3761.0,GOOD
2025-06-27 04:37:43,1814265463,rate.SN-5-FIT-1-SQ-AFR,3760.0,GOOD
2025-06-27 04:37:48,1814265468,rate.SN-5-FIT-1-SQ-AFR,3754.0,GOOD
2025-06-27 04:37:53,1814265473,rate.SN-5-FIT-1-SQ-AFR,3750.0,GOOD
2025-06-27 04:37:58,1814265478,rate.SN-5-FIT-1-SQ-AFR,3747.0,GOOD
2025-06-27 04:38:03,1814265483,rate.SN-5-FIT-1-SQ-AFR,3745.0,GOOD
2025-06-27 04:38:08,1814265488,rate.SN-5-FIT-1-SQ-AFR,3747.0,GOOD
2025-06-27 04:38:13,1814265493,rate.SN-5-FIT-1-SQ-AFR,3748.0,GOOD
2025-06-27 04:38:18,1814265498,rate.SN-5-FIT-1-SQ-AFR,3749.0,GOOD
2025-06-27 04:38:23,1814265503,rate.SN-5-FIT-1-SQ-AFR,3750.0,GOOD
2025-06-27 04:38:28,1814265508,rate.SN-5-FIT-1-SQ-AFR,3751.0,GOOD
2025-06-27 04:38:33,1814265513,rate.SN-5-FIT-1-SQ-AFR,3751.0,GOOD
2025-06-27 04:38:38,1814265518,rate.SN-5-FIT-1-SQ-AFR,3751.0,GOOD
2025-06-27 04:38:43,1814265523,rate.SN-5-FIT-1-SQ-AFR,3752.0,GOOD
2025-06-27 04:38:48,1814265528,rate.SN-5-FIT-1-SQ-AFR,3753.0,GOOD
2025-06-27 04:38:53,1814265533,rate.SN-5-FIT-1-SQ-AFR,3756.0,GOOD
2025-06-27 04:38:58,1814265538,rate.SN-5-FIT-1-SQ-AFR,3758.0,GOOD
2025-06-27 04:39:03,1814265543,rate.SN-5-FIT-1-SQ-AFR,3759.0,GOOD
2025-06-27 04:39:08,1814265548,rate.SN-5-FIT-1-SQ-AFR,3759.0,GOOD
2025-06-27 04:39:13,1814265553,rate.SN-5-FIT-1-SQ-AFR,3758.0,GOOD
2025-06-27 04:39:18,1814265558,rate.SN-5-FIT-1-SQ-AFR,3755.0,GOOD
2025-06-27 04:39:23,1814265563,rate.SN-5-FIT-1-SQ-AFR,3751.0,GOOD
2025-06-27 04:39:28,1814265568,rate.SN-5-FIT-1-SQ-AFR,3749.0,GOOD
2025-06-27 04:39:33,1814265573,rate.SN-5-FIT-1-SQ-AFR,3747.0,GOOD
2025-06-27 04:39:38,1814265578,rate.SN-5-FIT-1-SQ-AFR,3747.0,GOOD
2025-06-27 04:39:43,1814265583,rate.SN-5-FIT-1-SQ-AFR,3747.0,GOOD
2025-06-27 04:39:48,1814265588,rate.SN-5-FIT-1-SQ-AFR,3747.0,GOOD
2025-06-27 04:39:53,1814265593,rate.SN-5-FIT-1-SQ-AFR,3748.0,GOOD
2025-06-27 04:39:58,1814265598,rate.SN-5-FIT-1-SQ-AFR,3748.0,GOOD
2025-06-27 04:40:03,1814265603,rate.SN-5-FIT-1-SQ-AFR,3749.0,GOOD
2025-06-27 04:40:08,1814265608,rate.SN-5-FIT-1-SQ-AFR,3750.0,GOOD
2025-06-27 04:40:13,1814265613,rate.SN-5-FIT-1-SQ-AFR,3750.0,GOOD
2025-06-27 04:40:18,1814265618,rate.SN-5-FIT-1-SQ-AFR,3750.0,GOOD
2025-06-27 04:40:23,1814265623,rate.SN-5-FIT-1-SQ-AFR,3749.0,GOOD
2025-06-27 04:40:28,1814265628,rate.SN-5-FIT-1-SQ-AFR,3748.0,GOOD
2025-06-27 04:40:33,1814265633,rate.SN-5-FIT-1-SQ-AFR,3747.0,GOOD
2025-06-27 04:40:38,1814265638,rate.SN-5-FIT-1-SQ-AFR,3747.0,GOOD
2025-06-27 04:40:43,1814265643,rate.SN-5-FIT-1-SQ-AFR,3749.0,GOOD
2025-06-27 04:40:48,1814265648,rate.SN-5-FIT-1-SQ-AFR,3749.0,GOOD
2025-06-27 04:40:53,1814265653,rate.SN-5-FIT-1-SQ-AFR,3749.0,GOOD
2025-06-27 04:40:58,1814265658,rate.SN-5-FIT-1-SQ-AFR,3749.0,GOOD
2025-06-27 04:41:03,1814265663,rate.SN-5-FIT-1-SQ-AFR,3747.0,GOOD
2025-06-27 04:41:08,1814265668,rate.SN-5-FIT-1-SQ-AFR,3747.0,GOOD
2025-06-27 04:41:13,1814265673,rate.SN-5-FIT-1-SQ-AFR,3745.0,GOOD
2025-06-27 04:41:18,1814265678,rate.SN-5-FIT-1-SQ-AFR,3745.0,GOOD
2025-06-27 04:41:23,1814265683,rate.SN-5-FIT-1-SQ-AFR,3745.0,GOOD
2025-06-27 04:41:28,1814265688,rate.SN-5-FIT-1-SQ-AFR,3745.0,GOOD
2025-06-27 04:41:33,1814265693,rate.SN-5-FIT-1-SQ-AFR,3745.0,GOOD
2025-06-27 04:41:38,1814265698,rate.SN-5-FIT-1-SQ-AFR,3742.0,GOOD
2025-06-27 04:41:43,1814265703,rate.SN-5-FIT-1-SQ-AFR,3740.0,GOOD
2025-06-27 04:41:48,1814265708,rate.SN-5-FIT-1-SQ-AFR,3739.0,GOOD
2025-06-27 04:41:53,1814265713,rate.SN-5-FIT-1-SQ-AFR,3738.0,GOOD
2025-06-27 04:41:58,1814265718,rate.SN-5-FIT-1-SQ-AFR,3737.0,GOOD
2025-06-27 04:42:03,1814265723,rate.SN-5-FIT-1-SQ-AFR,3737.0,GOOD
2025-06-27 04:42:08,1814265728,rate.SN-5-FIT-1-SQ-AFR,3736.0,GOOD
2025-06-27 04:42:13,1814265733,rate.SN-5-FIT-1-SQ-AFR,3736.0,GOOD
2025-06-27 04:42:18,1814265738,rate.SN-5-FIT-1-SQ-AFR,3736.0,GOOD
2025-06-27 04:42:23,1814265743,rate.SN-5-FIT-1-SQ-AFR,3735.0,GOOD
2025-06-27 04:42:28,1814265748,rate.SN-5-FIT-1-SQ-AFR,3735.0,GOOD
2025-06-27 04:42:33,1814265753,rate.SN-5-FIT-1-SQ-AFR,3735.0,GOOD
2025-06-27 04:42:38,1814265758,rate.SN-5-FIT-1-SQ-AFR,3736.0,GOOD
2025-06-27 04:42:43,1814265763,rate.SN-5-FIT-1-SQ-AFR,3736.0,GOOD
2025-06-27 04:42:48,1814265768,rate.SN-5-FIT-1-SQ-AFR,3735.0,GOOD
2025-06-27 04:42:53,1814265773,rate.SN-5-FIT-1-SQ-AFR,3734.0,GOOD
2025-06-27 04:42:58,1814265778,rate.SN-5-FIT-1-SQ-AFR,3733.0,GOOD
2025-06-27 04:43:03,1814265783,rate.SN-5-FIT-1-SQ-AFR,3731.0,GOOD
2025-06-27 04:43:08,1814265788,rate.SN-5-FIT-1-SQ-AFR,3729.0,GOOD
2025-06-27 04:43:13,1814265793,rate.SN-5-FIT-1-SQ-AFR,3728.0,GOOD
2025-06-27 04:43:18,1814265798,rate.SN-5-FIT-1-SQ-AFR,3728.0,GOOD
2025-06-27 04:43:23,1814265803,rate.SN-5-FIT-1-SQ-AFR,3728.0,GOOD
2025-06-27 04:43:28,1814265808,rate.SN-5-FIT-1-SQ-AFR,3730.0,GOOD
2025-06-27 04:43:33,1814265813,rate.SN-5-FIT-1-SQ-AFR,3730.0,GOOD
2025-06-27 04:43:38,1814265818,rate.SN-5-FIT-1-SQ-AFR,3728.0,GOOD
2025-06-27 04:43:43,1814265823,rate.SN-5-FIT-1-SQ-AFR,3728.0,GOOD
2025-06-27 04:43:48,1814265828,rate.SN-5-FIT-1-SQ-AFR,3726.0,GOOD
2025-06-27 04:43:53,1814265833,rate.SN-5-FIT-1-SQ-AFR,3726.0,GOOD
2025-06-27 04:43:58,1814265838,rate.SN-5-FIT-1-SQ-AFR,3726.0,GOOD
2025-06-27 04:44:03,1814265843,rate.SN-5-FIT-1-SQ-AFR,3725.0,GOOD
2025-06-27 04:44:08,1814265848,rate.SN-5-FIT-1-SQ-AFR,3724.0,GOOD
2025-06-27 04:44:13,1814265853,rate.SN-5-FIT-1-SQ-AFR,3725.0,GOOD
2025-06-27 04:44:18,1814265858,rate.SN-5-FIT-1-SQ-AFR,3726.0,GOOD
2025-06-27 04:44:23,1814265863,rate.SN-5-FIT-1-SQ-AFR,3729.0,GOOD
2025-06-27 04:44:28,1814265868,rate.SN-5-FIT-1-SQ-AFR,3731.0,GOOD
2025-06-27 04:44:33,1814265873,rate.SN-5-FIT-1-SQ-AFR,3730.0,GOOD
2025-06-27 04:44:38,1814265878,rate.SN-5-FIT-1-SQ-AFR,3727.0,GOOD
2025-06-27 04:44:43,1814265883,rate.SN-5-FIT-1-SQ-AFR,3724.0,GOOD
2025-06-27 04:44:48,1814265888,rate.SN-5-FIT-1-SQ-AFR,3720.0,GOOD
2025-06-27 04:44:53,1814265893,rate.SN-5-FIT-1-SQ-AFR,3718.0,GOOD
2025-06-27 04:44:58,1814265898,rate.SN-5-FIT-1-SQ-AFR,3717.0,GOOD
2025-06-27 04:45:03,1814265903,rate.SN-5-FIT-1-SQ-AFR,3717.0,GOOD
2025-06-27 04:45:08,1814265908,rate.SN-5-FIT-1-SQ-AFR,3718.0,GOOD
2025-06-27 04:45:13,1814265913,rate.SN-5-FIT-1-SQ-AFR,3721.0,GOOD
2025-06-27 04:45:18,1814265918,rate.SN-5-FIT-1-SQ-AFR,3721.0,GOOD
2025-06-27 04:45:23,1814265923,rate.SN-5-FIT-1-SQ-AFR,3722.0,GOOD
2025-06-27 04:45:28,1814265928,rate.SN-5-FIT-1-SQ-AFR,3723.0,GOOD
2025-06-27 04:45:33,1814265933,rate.SN-5-FIT-1-SQ-AFR,3723.0,GOOD
2025-06-27 04:45:38,1814265938,rate.SN-5-FIT-1-SQ-AFR,3724.0,GOOD
2025-06-27 04:45:43,1814265943,rate.SN-5-FIT-1-SQ-AFR,3725.0,GOOD
2025-06-27 04:45:48,1814265948,rate.SN-5-FIT-1-SQ-AFR,3727.0,GOOD
2025-06-27 04:45:53,1814265953,rate.SN-5-FIT-1-SQ-AFR,3726.0,GOOD
2025-06-27 04:45:58,1814265958,rate.SN-5-FIT-1-SQ-AFR,3726.0,GOOD
2025-06-27 04:46:03,1814265963,rate.SN-5-FIT-1-SQ-AFR,3722.0,GOOD
2025-06-27 04:46:08,1814265968,rate.SN-5-FIT-1-SQ-AFR,3718.0,GOOD
2025-06-27 04:46:13,1814265973,rate.SN-5-FIT-1-SQ-AFR,3711.0,GOOD
2025-06-27 04:46:18,1814265978,rate.SN-5-FIT-1-SQ-AFR,3709.0,GOOD
2025-06-27 04:46:23,1814265983,rate.SN-5-FIT-1-SQ-AFR,3710.0,GOOD
2025-06-27 04:46:28,1814265988,rate.SN-5-FIT-1-SQ-AFR,3712.0,GOOD
2025-06-27 04:46:33,1814265993,rate.SN-5-FIT-1-SQ-AFR,3713.0,GOOD
2025-06-27 04:46:38,1814265998,rate.SN-5-FIT-1-SQ-AFR,3714.0,GOOD
2025-06-27 04:46:43,1814266003,rate.SN-5-FIT-1-SQ-AFR,3716.0,GOOD
2025-06-27 04:46:48,1814266008,rate.SN-5-FIT-1-SQ-AFR,3717.0,GOOD
2025-06-27 04:46:53,1814266013,rate.SN-5-FIT-1-SQ-AFR,3720.0,GOOD
2025-06-27 04:46:58,1814266018,rate.SN-5-FIT-1-SQ-AFR,3722.0,GOOD
2025-06-27 04:47:03,1814266023,rate.SN-5-FIT-1-SQ-AFR,3722.0,GOOD
2025-06-27 04:47:08,1814266028,rate.SN-5-FIT-1-SQ-AFR,3723.0,GOOD
2025-06-27 04:47:13,1814266033,rate.SN-5-FIT-1-SQ-AFR,3720.0,GOOD
2025-06-27 04:47:18,1814266038,rate.SN-5-FIT-1-SQ-AFR,3717.0,GOOD
2025-06-27 04:47:23,1814266043,rate.SN-5-FIT-1-SQ-AFR,3716.0,GOOD
2025-06-27 04:47:28,1814266048,rate.SN-5-FIT-1-SQ-AFR,3714.0,GOOD
2025-06-27 04:47:33,1814266053,rate.SN-5-FIT-1-SQ-AFR,3713.0,GOOD
2025-06-27 04:47:38,1814266058,rate.SN-5-FIT-1-SQ-AFR,3714.0,GOOD
2025-06-27 04:47:43,1814266063,rate.SN-5-FIT-1-SQ-AFR,3713.0,GOOD
2025-06-27 04:47:48,1814266068,rate.SN-5-FIT-1-SQ-AFR,3713.0,GOOD
2025-06-27 04:47:53,1814266073,rate.SN-5-FIT-1-SQ-AFR,3713.0,GOOD
2025-06-27 04:47:58,1814266078,rate.SN-5-FIT-1-SQ-AFR,3714.0,GOOD
2025-06-27 04:48:03,1814266083,rate.SN-5-FIT-1-SQ-AFR,3714.0,GOOD
2025-06-27 04:48:08,1814266088,rate.SN-5-FIT-1-SQ-AFR,3713.0,GOOD
2025-06-27 04:48:13,1814266093,rate.SN-5-FIT-1-SQ-AFR,3713.0,GOOD
2025-06-27 04:48:18,1814266098,rate.SN-5-FIT-1-SQ-AFR,3712.0,GOOD
2025-06-27 04:48:23,1814266103,rate.SN-5-FIT-1-SQ-AFR,3713.0,GOOD
2025-06-27 04:48:28,1814266108,rate.SN-5-FIT-1-SQ-AFR,3715.0,GOOD
2025-06-27 04:48:33,1814266113,rate.SN-5-FIT-1-SQ-AFR,3716.0,GOOD
2025-06-27 04:48:38,1814266118,rate.SN-5-FIT-1-SQ-AFR,3715.0,GOOD
2025-06-27 04:48:43,1814266123,rate.SN-5-FIT-1-SQ-AFR,3715.0,GOOD
2025-06-27 04:48:48,1814266128,rate.SN-5-FIT-1-SQ-AFR,3714.0,GOOD
2025-06-27 04:48:53,1814266133,rate.SN-5-FIT-1-SQ-AFR,3713.0,GOOD
2025-06-27 04:48:58,1814266138,rate.SN-5-FIT-1-SQ-AFR,3712.0,GOOD
2025-06-27 04:49:03,1814266143,rate.SN-5-FIT-1-SQ-AFR,3712.0,GOOD
2025-06-27 04:49:08,1814266148,rate.SN-5-FIT-1-SQ-AFR,3711.0,GOOD
2025-06-27 04:49:13,1814266153,rate.SN-5-FIT-1-SQ-AFR,3712.0,GOOD
2025-06-27 04:49:18,1814266158,rate.SN-5-FIT-1-SQ-AFR,3711.0,GOOD
2025-06-27 04:49:23,1814266163,rate.SN-5-FIT-1-SQ-AFR,3710.0,GOOD
2025-06-27 04:49:28,1814266168,rate.SN-5-FIT-1-SQ-AFR,3712.0,GOOD
2025-06-27 04:49:33,1814266173,rate.SN-5-FIT-1-SQ-AFR,3714.0,GOOD
2025-06-27 04:49:38,1814266178,rate.SN-5-FIT-1-SQ-AFR,3719.0,GOOD
2025-06-27 04:49:43,1814266183,rate.SN-5-FIT-1-SQ-AFR,3722.0,GOOD
2025-06-27 04:49:48,1814266188,rate.SN-5-FIT-1-SQ-AFR,3724.0,GOOD
2025-06-27 04:49:53,1814266193,rate.SN-5-FIT-1-SQ-AFR,3723.0,GOOD
2025-06-27 04:49:58,1814266198,rate.SN-5-FIT-1-SQ-AFR,3720.0,GOOD
2025-06-27 04:50:03,1814266203,rate.SN-5-FIT-1-SQ-AFR,3719.0,GOOD
2025-06-27 04:50:08,1814266208,rate.SN-5-FIT-1-SQ-AFR,3717.0,GOOD
2025-06-27 04:50:13,1814266213,rate.SN-5-FIT-1-SQ-AFR,3716.0,GOOD
2025-06-27 04:50:18,1814266218,rate.SN-5-FIT-1-SQ-AFR,3716.0,GOOD
2025-06-27 04:50:23,1814266223,rate.SN-5-FIT-1-SQ-AFR,3713.0,GOOD
2025-06-27 04:50:28,1814266228,rate.SN-5-FIT-1-SQ-AFR,3713.0,GOOD
2025-06-27 04:50:33,1814266233,rate.SN-5-FIT-1-SQ-AFR,3711.0,GOOD
2025-06-27 04:50:38,1814266238,rate.SN-5-FIT-1-SQ-AFR,3708.0,GOOD
2025-06-27 04:50:43,1814266243,rate.SN-5-FIT-1-SQ-AFR,3708.0,GOOD
2025-06-27 04:50:48,1814266248,rate.SN-5-FIT-1-SQ-AFR,3707.0,GOOD
2025-06-27 04:50:53,1814266253,rate.SN-5-FIT-1-SQ-AFR,3711.0,GOOD
2025-06-27 04:50:58,1814266258,rate.SN-5-FIT-1-SQ-AFR,3714.0,GOOD
2025-06-27 04:51:03,1814266263,rate.SN-5-FIT-1-SQ-AFR,3719.0,GOOD
2025-06-27 04:51:08,1814266268,rate.SN-5-FIT-1-SQ-AFR,3723.0,GOOD
2025-06-27 04:51:13,1814266273,rate.SN-5-FIT-1-SQ-AFR,3725.0,GOOD
2025-06-27 04:51:18,1814266278,rate.SN-5-FIT-1-SQ-AFR,3725.0,GOOD
2025-06-27 04:51:23,1814266283,rate.SN-5-FIT-1-SQ-AFR,3723.0,GOOD
2025-06-27 04:51:28,1814266288,rate.SN-5-FIT-1-SQ-AFR,3722.0,GOOD
2025-06-27 04:51:33,1814266293,rate.SN-5-FIT-1-SQ-AFR,3720.0,GOOD
2025-06-27 04:51:38,1814266298,rate.SN-5-FIT-1-SQ-AFR,3719.0,GOOD
2025-06-27 04:51:43,1814266303,rate.SN-5-FIT-1-SQ-AFR,3717.0,GOOD
2025-06-27 04:51:48,1814266308,rate.SN-5-FIT-1-SQ-AFR,3714.0,GOOD
2025-06-27 04:51:53,1814266313,rate.SN-5-FIT-1-SQ-AFR,3713.0,GOOD
2025-06-27 04:51:58,1814266318,rate.SN-5-FIT-1-SQ-AFR,3710.0,GOOD
2025-06-27 04:52:03,1814266323,rate.SN-5-FIT-1-SQ-AFR,3708.0,GOOD
2025-06-27 04:52:08,1814266328,rate.SN-5-FIT-1-SQ-AFR,3710.0,GOOD
2025-06-27 04:52:13,1814266333,rate.SN-5-FIT-1-SQ-AFR,3711.0,GOOD
2025-06-27 04:52:18,1814266338,rate.SN-5-FIT-1-SQ-AFR,3714.0,GOOD
2025-06-27 04:52:23,1814266343,rate.SN-5-FIT-1-SQ-AFR,3718.0,GOOD
2025-06-27 04:52:28,1814266348,rate.SN-5-FIT-1-SQ-AFR,3720.0,GOOD
2025-06-27 04:52:33,1814266353,rate.SN-5-FIT-1-SQ-AFR,3722.0,GOOD
2025-06-27 04:52:38,1814266358,rate.SN-5-FIT-1-SQ-AFR,3720.0,GOOD
2025-06-27 04:52:43,1814266363,rate.SN-5-FIT-1-SQ-AFR,3720.0,GOOD
2025-06-27 04:52:48,1814266368,rate.SN-5-FIT-1-SQ-AFR,3719.0,GOOD
2025-06-27 04:52:53,1814266373,rate.SN-5-FIT-1-SQ-AFR,3715.0,GOOD
2025-06-27 04:52:58,1814266378,rate.SN-5-FIT-1-SQ-AFR,3714.0,GOOD
2025-06-27 04:53:03,1814266383,rate.SN-5-FIT-1-SQ-AFR,3711.0,GOOD
2025-06-27 04:53:08,1814266388,rate.SN-5-FIT-1-SQ-AFR,3708.0,GOOD
2025-06-27 04:53:13,1814266393,rate.SN-5-FIT-1-SQ-AFR,3707.0,GOOD
2025-06-27 04:53:18,1814266398,rate.SN-5-FIT-1-SQ-AFR,3707.0,GOOD
2025-06-27 04:53:23,1814266403,rate.SN-5-FIT-1-SQ-AFR,3708.0,GOOD
2025-06-27 04:53:28,1814266408,rate.SN-5-FIT-1-SQ-AFR,3706.0,GOOD
2025-06-27 04:53:33,1814266413,rate.SN-5-FIT-1-SQ-AFR,3707.0,GOOD
2025-06-27 04:53:38,1814266418,rate.SN-5-FIT-1-SQ-AFR,3707.0,GOOD
2025-06-27 04:53:43,1814266423,rate.SN-5-FIT-1-SQ-AFR,3708.0,GOOD
2025-06-27 04:53:48,1814266428,rate.SN-5-FIT-1-SQ-AFR,3711.0,GOOD
2025-06-27 04:53:53,1814266433,rate.SN-5-FIT-1-SQ-AFR,3712.0,GOOD
2025-06-27 04:53:58,1814266438,rate.SN-5-FIT-1-SQ-AFR,3712.0,GOOD
2025-06-27 04:54:03,1814266443,rate.SN-5-FIT-1-SQ-AFR,3713.0,GOOD
2025-06-27 04:54:08,1814266448,rate.SN-5-FIT-1-SQ-AFR,3711.0,GOOD
2025-06-27 04:54:13,1814266453,rate.SN-5-FIT-1-SQ-AFR,3709.0,GOOD
2025-06-27 04:54:18,1814266458,rate.SN-5-FIT-1-SQ-AFR,3708.0,GOOD
2025-06-27 04:54:23,1814266463,rate.SN-5-FIT-1-SQ-AFR,3705.0,GOOD
2025-06-27 04:54:28,1814266468,rate.SN-5-FIT-1-SQ-AFR,3703.0,GOOD
2025-06-27 04:54:33,1814266473,rate.SN-5-FIT-1-SQ-AFR,3702.0,GOOD
2025-06-27 04:54:38,1814266478,rate.SN-5-FIT-1-SQ-AFR,3701.0,GOOD
2025-06-27 04:54:43,1814266483,rate.SN-5-FIT-1-SQ-AFR,3700.0,GOOD
2025-06-27 04:54:48,1814266488,rate.SN-5-FIT-1-SQ-AFR,3700.0,GOOD
2025-06-27 04:54:53,1814266493,rate.SN-5-FIT-1-SQ-AFR,3699.0,GOOD
2025-06-27 04:54:58,1814266498,rate.SN-5-FIT-1-SQ-AFR,3699.0,GOOD
2025-06-27 04:55:03,1814266503,rate.SN-5-FIT-1-SQ-AFR,3700.0,GOOD
2025-06-27 04:55:08,1814266508,rate.SN-5-FIT-1-SQ-AFR,3704.0,GOOD
2025-06-27 04:55:13,1814266513,rate.SN-5-FIT-1-SQ-AFR,3707.0,GOOD
2025-06-27 04:55:18,1814266518,rate.SN-5-FIT-1-SQ-AFR,3708.0,GOOD
2025-06-27 04:55:23,1814266523,rate.SN-5-FIT-1-SQ-AFR,3709.0,GOOD
2025-06-27 04:55:28,1814266528,rate.SN-5-FIT-1-SQ-AFR,3707.0,GOOD
2025-06-27 04:55:33,1814266533,rate.SN-5-FIT-1-SQ-AFR,3706.0,GOOD
2025-06-27 04:55:38,1814266538,rate.SN-5-FIT-1-SQ-AFR,3705.0,GOOD
2025-06-27 04:55:43,1814266543,rate.SN-5-FIT-1-SQ-AFR,3703.0,GOOD
2025-06-27 04:55:48,1814266548,rate.SN-5-FIT-1-SQ-AFR,3703.0,GOOD
2025-06-27 04:55:53,1814266553,rate.SN-5-FIT-1-SQ-AFR,3700.0,GOOD
2025-06-27 04:55:58,1814266558,rate.SN-5-FIT-1-SQ-AFR,3700.0,GOOD
2025-06-27 04:56:03,1814266563,rate.SN-5-FIT-1-SQ-AFR,3697.0,GOOD
2025-06-27 04:56:08,1814266568,rate.SN-5-FIT-1-SQ-AFR,3695.0,GOOD
2025-06-27 04:56:13,1814266573,rate.SN-5-FIT-1-SQ-AFR,3694.0,GOOD
2025-06-27 04:56:18,1814266578,rate.SN-5-FIT-1-SQ-AFR,3694.0,GOOD
2025-06-27 04:56:23,1814266583,rate.SN-5-FIT-1-SQ-AFR,3696.0,GOOD
2025-06-27 04:56:28,1814266588,rate.SN-5-FIT-1-SQ-AFR,3699.0,GOOD
2025-06-27 04:56:33,1814266593,rate.SN-5-FIT-1-SQ-AFR,3703.0,GOOD
2025-06-27 04:56:38,1814266598,rate.SN-5-FIT-1-SQ-AFR,3704.0,GOOD
2025-06-27 04:56:43,1814266603,rate.SN-5-FIT-1-SQ-AFR,3703.0,GOOD
2025-06-27 04:56:48,1814266608,rate.SN-5-FIT-1-SQ-AFR,3701.0,GOOD
2025-06-27 04:56:53,1814266613,rate.SN-5-FIT-1-SQ-AFR,3699.0,GOOD
2025-06-27 04:56:58,1814266618,rate.SN-5-FIT-1-SQ-AFR,3699.0,GOOD
2025-06-27 04:57:03,1814266623,rate.SN-5-FIT-1-SQ-AFR,3698.0,GOOD
2025-06-27 04:57:08,1814266628,rate.SN-5-FIT-1-SQ-AFR,3697.0,GOOD
2025-06-27 04:57:13,1814266633,rate.SN-5-FIT-1-SQ-AFR,3695.0,GOOD
2025-06-27 04:57:18,1814266638,rate.SN-5-FIT-1-SQ-AFR,3692.0,GOOD
2025-06-27 04:57:23,1814266643,rate.SN-5-FIT-1-SQ-AFR,3691.0,GOOD
2025-06-27 04:57:28,1814266648,rate.SN-5-FIT-1-SQ-AFR,3690.0,GOOD
2025-06-27 04:57:33,1814266653,rate.SN-5-FIT-1-SQ-AFR,3689.0,GOOD
2025-06-27 04:57:38,1814266658,rate.SN-5-FIT-1-SQ-AFR,3690.0,GOOD
2025-06-27 04:57:43,1814266663,rate.SN-5-FIT-1-SQ-AFR,3690.0,GOOD
2025-06-27 04:57:48,1814266668,rate.SN-5-FIT-1-SQ-AFR,3690.0,GOOD
2025-06-27 04:57:53,1814266673,rate.SN-5-FIT-1-SQ-AFR,3688.0,GOOD
2025-06-27 04:57:58,1814266678,rate.SN-5-FIT-1-SQ-AFR,3687.0,GOOD
2025-06-27 04:58:03,1814266683,rate.SN-5-FIT-1-SQ-AFR,3687.0,GOOD
2025-06-27 04:58:08,1814266688,rate.SN-5-FIT-1-SQ-AFR,3688.0,GOOD
2025-06-27 04:58:13,1814266693,rate.SN-5-FIT-1-SQ-AFR,3691.0,GOOD
2025-06-27 04:58:18,1814266698,rate.SN-5-FIT-1-SQ-AFR,3691.0,GOOD
2025-06-27 04:58:23,1814266703,rate.SN-5-FIT-1-SQ-AFR,3691.0,GOOD
2025-06-27 04:58:28,1814266708,rate.SN-5-FIT-1-SQ-AFR,3689.0,GOOD
2025-06-27 04:58:33,1814266713,rate.SN-5-FIT-1-SQ-AFR,3689.0,GOOD
2025-06-27 04:58:38,1814266718,rate.SN-5-FIT-1-SQ-AFR,3687.0,GOOD
2025-06-27 04:58:43,1814266723,rate.SN-5-FIT-1-SQ-AFR,3686.0,GOOD
2025-06-27 04:58:48,1814266728,rate.SN-5-FIT-1-SQ-AFR,3684.0,GOOD
2025-06-27 04:58:53,1814266733,rate.SN-5-FIT-1-SQ-AFR,3682.0,GOOD
2025-06-27 04:58:58,1814266738,rate.SN-5-FIT-1-SQ-AFR,3682.0,GOOD
2025-06-27 04:59:03,1814266743,rate.SN-5-FIT-1-SQ-AFR,3682.0,GOOD
2025-06-27 04:59:08,1814266748,rate.SN-5-FIT-1-SQ-AFR,3682.0,GOOD
2025-06-27 04:59:13,1814266753,rate.SN-5-FIT-1-SQ-AFR,3681.0,GOOD
2025-06-27 04:59:18,1814266758,rate.SN-5-FIT-1-SQ-AFR,3680.0,GOOD
2025-06-27 04:59:23,1814266763,rate.SN-5-FIT-1-SQ-AFR,3679.0,GOOD
2025-06-27 04:59:28,1814266768,rate.SN-5-FIT-1-SQ-AFR,3679.0,GOOD
2025-06-27 04:59:33,1814266773,rate.SN-5-FIT-1-SQ-AFR,3678.0,GOOD
2025-06-27 04:59:38,1814266778,rate.SN-5-FIT-1-SQ-AFR,3678.0,GOOD
2025-06-27 04:59:43,1814266783,rate.SN-5-FIT-1-SQ-AFR,3676.0,GOOD
2025-06-27 04:59:48,1814266788,rate.SN-5-FIT-1-SQ-AFR,3673.0,GOOD
2025-06-27 04:59:53,1814266793,rate.SN-5-FIT-1-SQ-AFR,3672.0,GOOD
2025-06-27 04:59:58,1814266798,rate.SN-5-FIT-1-SQ-AFR,3671.0,GOOD
2025-06-27 05:00:03,1814266803,rate.SN-5-FIT-1-SQ-AFR,3669.0,GOOD
2025-06-27 05:00:08,1814266808,rate.SN-5-FIT-1-SQ-AFR,3669.0,GOOD
2025-06-27 05:00:13,1814266813,rate.SN-5-FIT-1-SQ-AFR,3669.0,GOOD
2025-06-27 05:00:18,1814266818,rate.SN-5-FIT-1-SQ-AFR,3667.0,GOOD
2025-06-27 05:00:23,1814266823,rate.SN-5-FIT-1-SQ-AFR,3667.0,GOOD
2025-06-27 05:00:28,1814266828,rate.SN-5-FIT-1-SQ-AFR,3667.0,GOOD
2025-06-27 05:00:33,1814266833,rate.SN-5-FIT-1-SQ-AFR,3666.0,GOOD
2025-06-27 05:00:38,1814266838,rate.SN-5-FIT-1-SQ-AFR,3667.0,GOOD
2025-06-27 05:00:43,1814266843,rate.SN-5-FIT-1-SQ-AFR,3664.0,GOOD
2025-06-27 05:00:48,1814266848,rate.SN-5-FIT-1-SQ-AFR,3661.0,GOOD
2025-06-27 05:00:53,1814266853,rate.SN-5-FIT-1-SQ-AFR,3659.0,GOOD
2025-06-27 05:00:58,1814266858,rate.SN-5-FIT-1-SQ-AFR,3653.0,GOOD
2025-06-27 05:01:03,1814266863,rate.SN-5-FIT-1-SQ-AFR,3652.0,GOOD
2025-06-27 05:01:08,1814266868,rate.SN-5-FIT-1-SQ-AFR,3650.0,GOOD
2025-06-27 05:01:13,1814266873,rate.SN-5-FIT-1-SQ-AFR,3648.0,GOOD
2025-06-27 05:01:18,1814266878,rate.SN-5-FIT-1-SQ-AFR,3646.0,GOOD
2025-06-27 05:01:23,1814266883,rate.SN-5-FIT-1-SQ-AFR,3646.0,GOOD
2025-06-27 05:01:28,1814266888,rate.SN-5-FIT-1-SQ-AFR,3644.0,GOOD
2025-06-27 05:01:33,1814266893,rate.SN-5-FIT-1-SQ-AFR,3644.0,GOOD
2025-06-27 05:01:38,1814266898,rate.SN-5-FIT-1-SQ-AFR,3644.0,GOOD
2025-06-27 05:01:43,1814266903,rate.SN-5-FIT-1-SQ-AFR,3642.0,GOOD
2025-06-27 05:01:48,1814266908,rate.SN-5-FIT-1-SQ-AFR,3641.0,GOOD
2025-06-27 05:01:53,1814266913,rate.SN-5-FIT-1-SQ-AFR,3641.0,GOOD
2025-06-27 05:01:58,1814266918,rate.SN-5-FIT-1-SQ-AFR,3640.0,GOOD
2025-06-27 05:02:03,1814266923,rate.SN-5-FIT-1-SQ-AFR,3640.0,GOOD
2025-06-27 05:02:08,1814266928,rate.SN-5-FIT-1-SQ-AFR,3638.0,GOOD
2025-06-27 05:02:13,1814266933,rate.SN-5-FIT-1-SQ-AFR,3634.0,GOOD
2025-06-27 05:02:18,1814266938,rate.SN-5-FIT-1-SQ-AFR,3629.0,GOOD
2025-06-27 05:02:23,1814266943,rate.SN-5-FIT-1-SQ-AFR,3627.0,GOOD
2025-06-27 05:02:28,1814266948,rate.SN-5-FIT-1-SQ-AFR,3625.0,GOOD
2025-06-27 05:02:33,1814266953,rate.SN-5-FIT-1-SQ-AFR,3624.0,GOOD
2025-06-27 05:02:38,1814266958,rate.SN-5-FIT-1-SQ-AFR,3625.0,GOOD
2025-06-27 05:02:43,1814266963,rate.SN-5-FIT-1-SQ-AFR,3625.0,GOOD
2025-06-27 05:02:48,1814266968,rate.SN-5-FIT-1-SQ-AFR,3624.0,GOOD
2025-06-27 05:02:53,1814266973,rate.SN-5-FIT-1-SQ-AFR,3625.0,GOOD
2025-06-27 05:02:58,1814266978,rate.SN-5-FIT-1-SQ-AFR,3623.0,GOOD
2025-06-27 05:03:03,1814266983,rate.SN-5-FIT-1-SQ-AFR,3623.0,GOOD
2025-06-27 05:03:08,1814266988,rate.SN-5-FIT-1-SQ-AFR,3624.0,GOOD
2025-06-27 05:03:13,1814266993,rate.SN-5-FIT-1-SQ-AFR,3623.0,GOOD
2025-06-27 05:03:18,1814266998,rate.SN-5-FIT-1-SQ-AFR,3619.0,GOOD
2025-06-27 05:03:23,1814267003,rate.SN-5-FIT-1-SQ-AFR,3616.0,GOOD
2025-06-27 05:03:28,1814267008,rate.SN-5-FIT-1-SQ-AFR,3613.0,GOOD
2025-06-27 05:03:33,1814267013,rate.SN-5-FIT-1-SQ-AFR,3611.0,GOOD
2025-06-27 05:03:38,1814267018,rate.SN-5-FIT-1-SQ-AFR,3612.0,GOOD
2025-06-27 05:03:43,1814267023,rate.SN-5-FIT-1-SQ-AFR,3613.0,GOOD
2025-06-27 05:03:48,1814267028,rate.SN-5-FIT-1-SQ-AFR,3613.0,GOOD
2025-06-27 05:03:53,1814267033,rate.SN-5-FIT-1-SQ-AFR,3613.0,GOOD
2025-06-27 05:03:58,1814267038,rate.SN-5-FIT-1-SQ-AFR,3612.0,GOOD
2025-06-27 05:04:03,1814267043,rate.SN-5-FIT-1-SQ-AFR,3612.0,GOOD
2025-06-27 05:04:08,1814267048,rate.SN-5-FIT-1-SQ-AFR,3612.0,GOOD
2025-06-27 05:04:13,1814267053,rate.SN-5-FIT-1-SQ-AFR,3612.0,GOOD
2025-06-27 05:04:18,1814267058,rate.SN-5-FIT-1-SQ-AFR,3612.0,GOOD
2025-06-27 05:04:23,1814267063,rate.SN-5-FIT-1-SQ-AFR,3613.0,GOOD
2025-06-27 05:04:28,1814267068,rate.SN-5-FIT-1-SQ-AFR,3614.0,GOOD
2025-06-27 05:04:33,1814267073,rate.SN-5-FIT-1-SQ-AFR,3615.0,GOOD
2025-06-27 05:04:38,1814267078,rate.SN-5-FIT-1-SQ-AFR,3615.0,GOOD
2025-06-27 05:04:43,1814267083,rate.SN-5-FIT-1-SQ-AFR,3614.0,GOOD
2025-06-27 05:04:48,1814267088,rate.SN-5-FIT-1-SQ-AFR,3614.0,GOOD
2025-06-27 05:04:53,1814267093,rate.SN-5-FIT-1-SQ-AFR,3615.0,GOOD
2025-06-27 05:04:58,1814267098,rate.SN-5-FIT-1-SQ-AFR,3614.0,GOOD
2025-06-27 05:05:03,1814267103,rate.SN-5-FIT-1-SQ-AFR,3614.0,GOOD
2025-06-27 05:05:08,1814267108,rate.SN-5-FIT-1-SQ-AFR,3613.0,GOOD
2025-06-27 05:05:13,1814267113,rate.SN-5-FIT-1-SQ-AFR,3612.0,GOOD
2025-06-27 05:05:18,1814267118,rate.SN-5-FIT-1-SQ-AFR,3612.0,GOOD
2025-06-27 05:05:23,1814267123,rate.SN-5-FIT-1-SQ-AFR,3614.0,GOOD
2025-06-27 05:05:28,1814267128,rate.SN-5-FIT-1-SQ-AFR,3615.0,GOOD
2025-06-27 05:05:33,1814267133,rate.SN-5-FIT-1-SQ-AFR,3616.0,GOOD
2025-06-27 05:05:38,1814267138,rate.SN-5-FIT-1-SQ-AFR,3619.0,GOOD
2025-06-27 05:05:43,1814267143,rate.SN-5-FIT-1-SQ-AFR,3622.0,GOOD
2025-06-27 05:05:48,1814267148,rate.SN-5-FIT-1-SQ-AFR,3628.0,GOOD
2025-06-27 05:05:53,1814267153,rate.SN-5-FIT-1-SQ-AFR,3636.0,GOOD
2025-06-27 05:05:58,1814267158,rate.SN-5-FIT-1-SQ-AFR,3647.0,GOOD
2025-06-27 05:06:03,1814267163,rate.SN-5-FIT-1-SQ-AFR,3656.0,GOOD
2025-06-27 05:06:08,1814267168,rate.SN-5-FIT-1-SQ-AFR,3664.0,GOOD
2025-06-27 05:06:13,1814267173,rate.SN-5-FIT-1-SQ-AFR,3670.0,GOOD
2025-06-27 05:06:18,1814267178,rate.SN-5-FIT-1-SQ-AFR,3676.0,GOOD
2025-06-27 05:06:23,1814267183,rate.SN-5-FIT-1-SQ-AFR,3679.0,GOOD
2025-06-27 05:06:28,1814267188,rate.SN-5-FIT-1-SQ-AFR,3680.0,GOOD
2025-06-27 05:06:33,1814267193,rate.SN-5-FIT-1-SQ-AFR,3682.0,GOOD
2025-06-27 05:06:38,1814267198,rate.SN-5-FIT-1-SQ-AFR,3683.0,GOOD
2025-06-27 05:06:43,1814267203,rate.SN-5-FIT-1-SQ-AFR,3684.0,GOOD
2025-06-27 05:06:48,1814267208,rate.SN-5-FIT-1-SQ-AFR,3687.0,GOOD
2025-06-27 05:06:53,1814267213,rate.SN-5-FIT-1-SQ-AFR,3690.0,GOOD
2025-06-27 05:06:58,1814267218,rate.SN-5-FIT-1-SQ-AFR,3694.0,GOOD
2025-06-27 05:07:03,1814267223,rate.SN-5-FIT-1-SQ-AFR,3697.0,GOOD
2025-06-27 05:07:08,1814267228,rate.SN-5-FIT-1-SQ-AFR,3700.0,GOOD
2025-06-27 05:07:13,1814267233,rate.SN-5-FIT-1-SQ-AFR,3704.0,GOOD
2025-06-27 05:07:18,1814267238,rate.SN-5-FIT-1-SQ-AFR,3709.0,GOOD
2025-06-27 05:07:23,1814267243,rate.SN-5-FIT-1-SQ-AFR,3713.0,GOOD
2025-06-27 05:07:28,1814267248,rate.SN-5-FIT-1-SQ-AFR,3718.0,GOOD
2025-06-27 05:07:33,1814267253,rate.SN-5-FIT-1-SQ-AFR,3722.0,GOOD
2025-06-27 05:07:38,1814267258,rate.SN-5-FIT-1-SQ-AFR,3723.0,GOOD
2025-06-27 05:07:43,1814267263,rate.SN-5-FIT-1-SQ-AFR,3724.0,GOOD
2025-06-27 05:07:48,1814267268,rate.SN-5-FIT-1-SQ-AFR,3727.0,GOOD
2025-06-27 05:07:53,1814267273,rate.SN-5-FIT-1-SQ-AFR,3729.0,GOOD
2025-06-27 05:07:58,1814267278,rate.SN-5-FIT-1-SQ-AFR,3731.0,GOOD
2025-06-27 05:08:03,1814267283,rate.SN-5-FIT-1-SQ-AFR,3734.0,GOOD
2025-06-27 05:08:08,1814267288,rate.SN-5-FIT-1-SQ-AFR,3736.0,GOOD
2025-06-27 05:08:13,1814267293,rate.SN-5-FIT-1-SQ-AFR,3737.0,GOOD
2025-06-27 05:08:18,1814267298,rate.SN-5-FIT-1-SQ-AFR,3741.0,GOOD
2025-06-27 05:08:23,1814267303,rate.SN-5-FIT-1-SQ-AFR,3742.0,GOOD
2025-06-27 05:08:28,1814267308,rate.SN-5-FIT-1-SQ-AFR,3744.0,GOOD
2025-06-27 05:08:33,1814267313,rate.SN-5-FIT-1-SQ-AFR,3745.0,GOOD
2025-06-27 05:08:38,1814267318,rate.SN-5-FIT-1-SQ-AFR,3744.0,GOOD
2025-06-27 05:08:43,1814267323,rate.SN-5-FIT-1-SQ-AFR,3745.0,GOOD
2025-06-27 05:08:48,1814267328,rate.SN-5-FIT-1-SQ-AFR,3745.0,GOOD
2025-06-27 05:08:53,1814267333,rate.SN-5-FIT-1-SQ-AFR,3744.0,GOOD
2025-06-27 05:08:58,1814267338,rate.SN-5-FIT-1-SQ-AFR,3744.0,GOOD
2025-06-27 05:09:03,1814267343,rate.SN-5-FIT-1-SQ-AFR,3745.0,GOOD
2025-06-27 05:09:08,1814267348,rate.SN-5-FIT-1-SQ-AFR,3744.0,GOOD
2025-06-27 05:09:13,1814267353,rate.SN-5-FIT-1-SQ-AFR,3744.0,GOOD
2025-06-27 05:09:18,1814267358,rate.SN-5-FIT-1-SQ-AFR,3744.0,GOOD
2025-06-27 05:09:23,1814267363,rate.SN-5-FIT-1-SQ-AFR,3744.0,GOOD
2025-06-27 05:09:28,1814267368,rate.SN-5-FIT-1-SQ-AFR,3745.0,GOOD
2025-06-27 05:09:33,1814267373,rate.SN-5-FIT-1-SQ-AFR,3746.0,GOOD
2025-06-27 05:09:38,1814267378,rate.SN-5-FIT-1-SQ-AFR,3749.0,GOOD
2025-06-27 05:09:43,1814267383,rate.SN-5-FIT-1-SQ-AFR,3752.0,GOOD
2025-06-27 05:09:48,1814267388,rate.SN-5-FIT-1-SQ-AFR,3753.0,GOOD
2025-06-27 05:09:53,1814267393,rate.SN-5-FIT-1-SQ-AFR,3753.0,GOOD
2025-06-27 05:09:58,1814267398,rate.SN-5-FIT-1-SQ-AFR,3751.0,GOOD
2025-06-27 05:10:03,1814267403,rate.SN-5-FIT-1-SQ-AFR,3752.0,GOOD
2025-06-27 05:10:08,1814267408,rate.SN-5-FIT-1-SQ-AFR,3750.0,GOOD
2025-06-27 05:10:13,1814267413,rate.SN-5-FIT-1-SQ-AFR,3750.0,GOOD
2025-06-27 05:10:18,1814267418,rate.SN-5-FIT-1-SQ-AFR,3751.0,GOOD
2025-06-27 05:10:23,1814267423,rate.SN-5-FIT-1-SQ-AFR,3751.0,GOOD
2025-06-27 05:10:28,1814267428,rate.SN-5-FIT-1-SQ-AFR,3750.0,GOOD
2025-06-27 05:10:33,1814267433,rate.SN-5-FIT-1-SQ-AFR,3750.0,GOOD
2025-06-27 05:10:38,1814267438,rate.SN-5-FIT-1-SQ-AFR,3747.0,GOOD
2025-06-27 05:10:43,1814267443,rate.SN-5-FIT-1-SQ-AFR,3743.0,GOOD
2025-06-27 05:10:48,1814267448,rate.SN-5-FIT-1-SQ-AFR,3742.0,GOOD
2025-06-27 05:10:53,1814267453,rate.SN-5-FIT-1-SQ-AFR,3742.0,GOOD
2025-06-27 05:10:58,1814267458,rate.SN-5-FIT-1-SQ-AFR,3742.0,GOOD
2025-06-27 05:11:03,1814267463,rate.SN-5-FIT-1-SQ-AFR,3743.0,GOOD
2025-06-27 05:11:08,1814267468,rate.SN-5-FIT-1-SQ-AFR,3744.0,GOOD
2025-06-27 05:11:13,1814267473,rate.SN-5-FIT-1-SQ-AFR,3746.0,GOOD
2025-06-27 05:11:18,1814267478,rate.SN-5-FIT-1-SQ-AFR,3746.0,GOOD
2025-06-27 05:11:23,1814267483,rate.SN-5-FIT-1-SQ-AFR,3746.0,GOOD
2025-06-27 05:11:28,1814267488,rate.SN-5-FIT-1-SQ-AFR,3747.0,GOOD
2025-06-27 05:11:33,1814267493,rate.SN-5-FIT-1-SQ-AFR,3746.0,GOOD
2025-06-27 05:11:38,1814267498,rate.SN-5-FIT-1-SQ-AFR,3746.0,GOOD
2025-06-27 05:11:43,1814267503,rate.SN-5-FIT-1-SQ-AFR,3746.0,GOOD
2025-06-27 05:11:48,1814267508,rate.SN-5-FIT-1-SQ-AFR,3746.0,GOOD
2025-06-27 05:11:53,1814267513,rate.SN-5-FIT-1-SQ-AFR,3745.0,GOOD
2025-06-27 05:11:58,1814267518,rate.SN-5-FIT-1-SQ-AFR,3740.0,GOOD
2025-06-27 05:12:03,1814267523,rate.SN-5-FIT-1-SQ-AFR,3739.0,GOOD
2025-06-27 05:12:08,1814267528,rate.SN-5-FIT-1-SQ-AFR,3736.0,GOOD
2025-06-27 05:12:13,1814267533,rate.SN-5-FIT-1-SQ-AFR,3736.0,GOOD
2025-06-27 05:12:18,1814267538,rate.SN-5-FIT-1-SQ-AFR,3737.0,GOOD
2025-06-27 05:12:23,1814267543,rate.SN-5-FIT-1-SQ-AFR,3736.0,GOOD
2025-06-27 05:12:28,1814267548,rate.SN-5-FIT-1-SQ-AFR,3736.0,GOOD
2025-06-27 05:12:33,1814267553,rate.SN-5-FIT-1-SQ-AFR,3736.0,GOOD
2025-06-27 05:12:38,1814267558,rate.SN-5-FIT-1-SQ-AFR,3736.0,GOOD
2025-06-27 05:12:43,1814267563,rate.SN-5-FIT-1-SQ-AFR,3736.0,GOOD
2025-06-27 05:12:48,1814267568,rate.SN-5-FIT-1-SQ-AFR,3733.0,GOOD
2025-06-27 05:12:53,1814267573,rate.SN-5-FIT-1-SQ-AFR,3732.0,GOOD
2025-06-27 05:12:58,1814267578,rate.SN-5-FIT-1-SQ-AFR,3729.0,GOOD
2025-06-27 05:13:03,1814267583,rate.SN-5-FIT-1-SQ-AFR,3728.0,GOOD
2025-06-27 05:13:08,1814267588,rate.SN-5-FIT-1-SQ-AFR,3727.0,GOOD
2025-06-27 05:13:13,1814267593,rate.SN-5-FIT-1-SQ-AFR,3727.0,GOOD
2025-06-27 05:13:18,1814267598,rate.SN-5-FIT-1-SQ-AFR,3725.0,GOOD
2025-06-27 05:13:23,1814267603,rate.SN-5-FIT-1-SQ-AFR,3725.0,GOOD
2025-06-27 05:13:28,1814267608,rate.SN-5-FIT-1-SQ-AFR,3726.0,GOOD
2025-06-27 05:13:33,1814267613,rate.SN-5-FIT-1-SQ-AFR,3728.0,GOOD
2025-06-27 05:13:38,1814267618,rate.SN-5-FIT-1-SQ-AFR,3729.0,GOOD
2025-06-27 05:13:43,1814267623,rate.SN-5-FIT-1-SQ-AFR,3729.0,GOOD
2025-06-27 05:13:48,1814267628,rate.SN-5-FIT-1-SQ-AFR,3729.0,GOOD
2025-06-27 05:13:53,1814267633,rate.SN-5-FIT-1-SQ-AFR,3728.0,GOOD
2025-06-27 05:13:58,1814267638,rate.SN-5-FIT-1-SQ-AFR,3727.0,GOOD
2025-06-27 05:14:03,1814267643,rate.SN-5-FIT-1-SQ-AFR,3727.0,GOOD
2025-06-27 05:14:08,1814267648,rate.SN-5-FIT-1-SQ-AFR,3725.0,GOOD
2025-06-27 05:14:13,1814267653,rate.SN-5-FIT-1-SQ-AFR,3723.0,GOOD
2025-06-27 05:14:18,1814267658,rate.SN-5-FIT-1-SQ-AFR,3720.0,GOOD
2025-06-27 05:14:23,1814267663,rate.SN-5-FIT-1-SQ-AFR,3720.0,GOOD
2025-06-27 05:14:28,1814267668,rate.SN-5-FIT-1-SQ-AFR,3718.0,GOOD
2025-06-27 05:14:33,1814267673,rate.SN-5-FIT-1-SQ-AFR,3718.0,GOOD
2025-06-27 05:14:38,1814267678,rate.SN-5-FIT-1-SQ-AFR,3719.0,GOOD
2025-06-27 05:14:43,1814267683,rate.SN-5-FIT-1-SQ-AFR,3719.0,GOOD
2025-06-27 05:14:48,1814267688,rate.SN-5-FIT-1-SQ-AFR,3719.0,GOOD
2025-06-27 05:14:53,1814267693,rate.SN-5-FIT-1-SQ-AFR,3719.0,GOOD
2025-06-27 05:14:58,1814267698,rate.SN-5-FIT-1-SQ-AFR,3720.0,GOOD
2025-06-27 05:15:03,1814267703,rate.SN-5-FIT-1-SQ-AFR,3719.0,GOOD
2025-06-27 05:15:08,1814267708,rate.SN-5-FIT-1-SQ-AFR,3719.0,GOOD
2025-06-27 05:15:13,1814267713,rate.SN-5-FIT-1-SQ-AFR,3719.0,GOOD
2025-06-27 05:15:18,1814267718,rate.SN-5-FIT-1-SQ-AFR,3718.0,GOOD
2025-06-27 05:15:23,1814267723,rate.SN-5-FIT-1-SQ-AFR,3717.0,GOOD
2025-06-27 05:15:28,1814267728,rate.SN-5-FIT-1-SQ-AFR,3719.0,GOOD
2025-06-27 05:15:33,1814267733,rate.SN-5-FIT-1-SQ-AFR,3720.0,GOOD
2025-06-27 05:15:38,1814267738,rate.SN-5-FIT-1-SQ-AFR,3722.0,GOOD
2025-06-27 05:15:43,1814267743,rate.SN-5-FIT-1-SQ-AFR,3724.0,GOOD
2025-06-27 05:15:48,1814267748,rate.SN-5-FIT-1-SQ-AFR,3722.0,GOOD
2025-06-27 05:15:53,1814267753,rate.SN-5-FIT-1-SQ-AFR,3723.0,GOOD
2025-06-27 05:15:58,1814267758,rate.SN-5-FIT-1-SQ-AFR,3723.0,GOOD
2025-06-27 05:16:03,1814267763,rate.SN-5-FIT-1-SQ-AFR,3722.0,GOOD
2025-06-27 05:16:08,1814267768,rate.SN-5-FIT-1-SQ-AFR,3722.0,GOOD
2025-06-27 05:16:13,1814267773,rate.SN-5-FIT-1-SQ-AFR,3722.0,GOOD
2025-06-27 05:16:18,1814267778,rate.SN-5-FIT-1-SQ-AFR,3722.0,GOOD
2025-06-27 05:16:23,1814267783,rate.SN-5-FIT-1-SQ-AFR,3723.0,GOOD
2025-06-27 05:16:28,1814267788,rate.SN-5-FIT-1-SQ-AFR,3724.0,GOOD
2025-06-27 05:16:33,1814267793,rate.SN-5-FIT-1-SQ-AFR,3724.0,GOOD
2025-06-27 05:16:38,1814267798,rate.SN-5-FIT-1-SQ-AFR,3724.0,GOOD
2025-06-27 05:16:43,1814267803,rate.SN-5-FIT-1-SQ-AFR,3723.0,GOOD
2025-06-27 05:16:48,1814267808,rate.SN-5-FIT-1-SQ-AFR,3723.0,GOOD
2025-06-27 05:16:53,1814267813,rate.SN-5-FIT-1-SQ-AFR,3723.0,GOOD
2025-06-27 05:16:58,1814267818,rate.SN-5-FIT-1-SQ-AFR,3723.0,GOOD
2025-06-27 05:17:03,1814267823,rate.SN-5-FIT-1-SQ-AFR,3722.0,GOOD
2025-06-27 05:17:08,1814267828,rate.SN-5-FIT-1-SQ-AFR,3722.0,GOOD
2025-06-27 05:17:13,1814267833,rate.SN-5-FIT-1-SQ-AFR,3723.0,GOOD
2025-06-27 05:17:18,1814267838,rate.SN-5-FIT-1-SQ-AFR,3727.0,GOOD
2025-06-27 05:17:23,1814267843,rate.SN-5-FIT-1-SQ-AFR,3735.0,GOOD
2025-06-27 05:17:28,1814267848,rate.SN-5-FIT-1-SQ-AFR,3744.0,GOOD
2025-06-27 05:17:33,1814267853,rate.SN-5-FIT-1-SQ-AFR,3751.0,GOOD
2025-06-27 05:17:38,1814267858,rate.SN-5-FIT-1-SQ-AFR,3756.0,GOOD
2025-06-27 05:17:43,1814267863,rate.SN-5-FIT-1-SQ-AFR,3758.0,GOOD
2025-06-27 05:17:48,1814267868,rate.SN-5-FIT-1-SQ-AFR,3759.0,GOOD
2025-06-27 05:17:53,1814267873,rate.SN-5-FIT-1-SQ-AFR,3759.0,GOOD
2025-06-27 05:17:58,1814267878,rate.SN-5-FIT-1-SQ-AFR,3759.0,GOOD
2025-06-27 05:18:03,1814267883,rate.SN-5-FIT-1-SQ-AFR,3759.0,GOOD
2025-06-27 05:18:08,1814267888,rate.SN-5-FIT-1-SQ-AFR,3760.0,GOOD
2025-06-27 05:18:13,1814267893,rate.SN-5-FIT-1-SQ-AFR,3760.0,GOOD
2025-06-27 05:18:18,1814267898,rate.SN-5-FIT-1-SQ-AFR,3763.0,GOOD
2025-06-27 05:18:23,1814267903,rate.SN-5-FIT-1-SQ-AFR,3766.0,GOOD
2025-06-27 05:18:28,1814267908,rate.SN-5-FIT-1-SQ-AFR,3769.0,GOOD
2025-06-27 05:18:33,1814267913,rate.SN-5-FIT-1-SQ-AFR,3773.0,GOOD
2025-06-27 05:18:38,1814267918,rate.SN-5-FIT-1-SQ-AFR,3775.0,GOOD
2025-06-27 05:18:43,1814267923,rate.SN-5-FIT-1-SQ-AFR,3777.0,GOOD
2025-06-27 05:18:48,1814267928,rate.SN-5-FIT-1-SQ-AFR,3781.0,GOOD
2025-06-27 05:18:53,1814267933,rate.SN-5-FIT-1-SQ-AFR,3781.0,GOOD
2025-06-27 05:18:58,1814267938,rate.SN-5-FIT-1-SQ-AFR,3785.0,GOOD
2025-06-27 05:19:03,1814267943,rate.SN-5-FIT-1-SQ-AFR,3785.0,GOOD
2025-06-27 05:19:08,1814267948,rate.SN-5-FIT-1-SQ-AFR,3783.0,GOOD
2025-06-27 05:19:13,1814267953,rate.SN-5-FIT-1-SQ-AFR,3783.0,GOOD
2025-06-27 05:19:18,1814267958,rate.SN-5-FIT-1-SQ-AFR,3782.0,GOOD
2025-06-27 05:19:23,1814267963,rate.SN-5-FIT-1-SQ-AFR,3783.0,GOOD
2025-06-27 05:19:28,1814267968,rate.SN-5-FIT-1-SQ-AFR,3786.0,GOOD
2025-06-27 05:19:33,1814267973,rate.SN-5-FIT-1-SQ-AFR,3789.0,GOOD
2025-06-27 05:19:38,1814267978,rate.SN-5-FIT-1-SQ-AFR,3790.0,GOOD
2025-06-27 05:19:43,1814267983,rate.SN-5-FIT-1-SQ-AFR,3794.0,GOOD
2025-06-27 05:19:48,1814267988,rate.SN-5-FIT-1-SQ-AFR,3794.0,GOOD
2025-06-27 05:19:53,1814267993,rate.SN-5-FIT-1-SQ-AFR,3796.0,GOOD
2025-06-27 05:19:58,1814267998,rate.SN-5-FIT-1-SQ-AFR,3797.0,GOOD
2025-06-27 05:20:03,1814268003,rate.SN-5-FIT-1-SQ-AFR,3797.0,GOOD
2025-06-27 05:20:08,1814268008,rate.SN-5-FIT-1-SQ-AFR,3797.0,GOOD
2025-06-27 05:20:13,1814268013,rate.SN-5-FIT-1-SQ-AFR,3798.0,GOOD
2025-06-27 05:20:18,1814268018,rate.SN-5-FIT-1-SQ-AFR,3796.0,GOOD
2025-06-27 05:20:23,1814268023,rate.SN-5-FIT-1-SQ-AFR,3796.0,GOOD
2025-06-27 05:20:28,1814268028,rate.SN-5-FIT-1-SQ-AFR,3796.0,GOOD
2025-06-27 05:20:33,1814268033,rate.SN-5-FIT-1-SQ-AFR,3795.0,GOOD
2025-06-27 05:20:38,1814268038,rate.SN-5-FIT-1-SQ-AFR,3794.0,GOOD
2025-06-27 05:20:43,1814268043,rate.SN-5-FIT-1-SQ-AFR,3794.0,GOOD
2025-06-27 05:20:48,1814268048,rate.SN-5-FIT-1-SQ-AFR,3793.0,GOOD
2025-06-27 05:20:53,1814268053,rate.SN-5-FIT-1-SQ-AFR,3793.0,GOOD
2025-06-27 05:20:58,1814268058,rate.SN-5-FIT-1-SQ-AFR,3794.0,GOOD
2025-06-27 05:21:03,1814268063,rate.SN-5-FIT-1-SQ-AFR,3793.0,GOOD
2025-06-27 05:21:08,1814268068,rate.SN-5-FIT-1-SQ-AFR,3795.0,GOOD
2025-06-27 05:21:13,1814268073,rate.SN-5-FIT-1-SQ-AFR,3797.0,GOOD
2025-06-27 05:21:18,1814268078,rate.SN-5-FIT-1-SQ-AFR,3798.0,GOOD
2025-06-27 05:21:23,1814268083,rate.SN-5-FIT-1-SQ-AFR,3799.0,GOOD
2025-06-27 05:21:28,1814268088,rate.SN-5-FIT-1-SQ-AFR,3800.0,GOOD
2025-06-27 05:21:33,1814268093,rate.SN-5-FIT-1-SQ-AFR,3800.0,GOOD
2025-06-27 05:21:38,1814268098,rate.SN-5-FIT-1-SQ-AFR,3799.0,GOOD
2025-06-27 05:21:43,1814268103,rate.SN-5-FIT-1-SQ-AFR,3801.0,GOOD
2025-06-27 05:21:48,1814268108,rate.SN-5-FIT-1-SQ-AFR,3800.0,GOOD
2025-06-27 05:21:53,1814268113,rate.SN-5-FIT-1-SQ-AFR,3800.0,GOOD
2025-06-27 05:21:58,1814268118,rate.SN-5-FIT-1-SQ-AFR,3802.0,GOOD
2025-06-27 05:22:03,1814268123,rate.SN-5-FIT-1-SQ-AFR,3802.0,GOOD
2025-06-27 05:22:08,1814268128,rate.SN-5-FIT-1-SQ-AFR,3801.0,GOOD
2025-06-27 05:22:13,1814268133,rate.SN-5-FIT-1-SQ-AFR,3800.0,GOOD
2025-06-27 05:22:18,1814268138,rate.SN-5-FIT-1-SQ-AFR,3799.0,GOOD
2025-06-27 05:22:23,1814268143,rate.SN-5-FIT-1-SQ-AFR,3798.0,GOOD
2025-06-27 05:22:28,1814268148,rate.SN-5-FIT-1-SQ-AFR,3800.0,GOOD
2025-06-27 05:22:33,1814268153,rate.SN-5-FIT-1-SQ-AFR,3800.0,GOOD
2025-06-27 05:22:38,1814268158,rate.SN-5-FIT-1-SQ-AFR,3800.0,GOOD
2025-06-27 05:22:43,1814268163,rate.SN-5-FIT-1-SQ-AFR,3801.0,GOOD
2025-06-27 05:22:48,1814268168,rate.SN-5-FIT-1-SQ-AFR,3800.0,GOOD
2025-06-27 05:22:53,1814268173,rate.SN-5-FIT-1-SQ-AFR,3800.0,GOOD
2025-06-27 05:22:58,1814268178,rate.SN-5-FIT-1-SQ-AFR,3800.0,GOOD
2025-06-27 05:23:03,1814268183,rate.SN-5-FIT-1-SQ-AFR,3799.0,GOOD
2025-06-27 05:23:08,1814268188,rate.SN-5-FIT-1-SQ-AFR,3798.0,GOOD
2025-06-27 05:23:13,1814268193,rate.SN-5-FIT-1-SQ-AFR,3797.0,GOOD
2025-06-27 05:23:18,1814268198,rate.SN-5-FIT-1-SQ-AFR,3796.0,GOOD
2025-06-27 05:23:23,1814268203,rate.SN-5-FIT-1-SQ-AFR,3794.0,GOOD
2025-06-27 05:23:28,1814268208,rate.SN-5-FIT-1-SQ-AFR,3794.0,GOOD
2025-06-27 05:23:33,1814268213,rate.SN-5-FIT-1-SQ-AFR,3792.0,GOOD
2025-06-27 05:23:38,1814268218,rate.SN-5-FIT-1-SQ-AFR,3791.0,GOOD
2025-06-27 05:23:43,1814268223,rate.SN-5-FIT-1-SQ-AFR,3791.0,GOOD
2025-06-27 05:23:48,1814268228,rate.SN-5-FIT-1-SQ-AFR,3791.0,GOOD
2025-06-27 05:23:53,1814268233,rate.SN-5-FIT-1-SQ-AFR,3792.0,GOOD
2025-06-27 05:23:58,1814268238,rate.SN-5-FIT-1-SQ-AFR,3792.0,GOOD
2025-06-27 05:24:03,1814268243,rate.SN-5-FIT-1-SQ-AFR,3792.0,GOOD
2025-06-27 05:24:08,1814268248,rate.SN-5-FIT-1-SQ-AFR,3791.0,GOOD
2025-06-27 05:24:13,1814268253,rate.SN-5-FIT-1-SQ-AFR,3791.0,GOOD
2025-06-27 05:24:18,1814268258,rate.SN-5-FIT-1-SQ-AFR,3790.0,GOOD
2025-06-27 05:24:23,1814268263,rate.SN-5-FIT-1-SQ-AFR,3789.0,GOOD
2025-06-27 05:24:28,1814268268,rate.SN-5-FIT-1-SQ-AFR,3789.0,GOOD
2025-06-27 05:24:33,1814268273,rate.SN-5-FIT-1-SQ-AFR,3788.0,GOOD
2025-06-27 05:24:38,1814268278,rate.SN-5-FIT-1-SQ-AFR,3787.0,GOOD
2025-06-27 05:24:43,1814268283,rate.SN-5-FIT-1-SQ-AFR,3787.0,GOOD
2025-06-27 05:24:48,1814268288,rate.SN-5-FIT-1-SQ-AFR,3787.0,GOOD
2025-06-27 05:24:53,1814268293,rate.SN-5-FIT-1-SQ-AFR,3785.0,GOOD
2025-06-27 05:24:58,1814268298,rate.SN-5-FIT-1-SQ-AFR,3784.0,GOOD
2025-06-27 05:25:03,1814268303,rate.SN-5-FIT-1-SQ-AFR,3782.0,GOOD
2025-06-27 05:25:08,1814268308,rate.SN-5-FIT-1-SQ-AFR,3781.0,GOOD
2025-06-27 05:25:13,1814268313,rate.SN-5-FIT-1-SQ-AFR,3781.0,GOOD
2025-06-27 05:25:18,1814268318,rate.SN-5-FIT-1-SQ-AFR,3781.0,GOOD
2025-06-27 05:25:23,1814268323,rate.SN-5-FIT-1-SQ-AFR,3780.0,GOOD
2025-06-27 05:25:28,1814268328,rate.SN-5-FIT-1-SQ-AFR,3779.0,GOOD
2025-06-27 05:25:33,1814268333,rate.SN-5-FIT-1-SQ-AFR,3778.0,GOOD
2025-06-27 05:25:38,1814268338,rate.SN-5-FIT-1-SQ-AFR,3777.0,GOOD
2025-06-27 05:25:43,1814268343,rate.SN-5-FIT-1-SQ-AFR,3778.0,GOOD
2025-06-27 05:25:48,1814268348,rate.SN-5-FIT-1-SQ-AFR,3777.0,GOOD
2025-06-27 05:25:53,1814268353,rate.SN-5-FIT-1-SQ-AFR,3777.0,GOOD
2025-06-27 05:25:58,1814268358,rate.SN-5-FIT-1-SQ-AFR,3777.0,GOOD
2025-06-27 05:26:03,1814268363,rate.SN-5-FIT-1-SQ-AFR,3774.0,GOOD
2025-06-27 05:26:08,1814268368,rate.SN-5-FIT-1-SQ-AFR,3772.0,GOOD
2025-06-27 05:26:13,1814268373,rate.SN-5-FIT-1-SQ-AFR,3772.0,GOOD
2025-06-27 05:26:18,1814268378,rate.SN-5-FIT-1-SQ-AFR,3770.0,GOOD
2025-06-27 05:26:23,1814268383,rate.SN-5-FIT-1-SQ-AFR,3770.0,GOOD
2025-06-27 05:26:28,1814268388,rate.SN-5-FIT-1-SQ-AFR,3769.0,GOOD
2025-06-27 05:26:33,1814268393,rate.SN-5-FIT-1-SQ-AFR,3768.0,GOOD
2025-06-27 05:26:38,1814268398,rate.SN-5-FIT-1-SQ-AFR,3767.0,GOOD
2025-06-27 05:26:43,1814268403,rate.SN-5-FIT-1-SQ-AFR,3766.0,GOOD
2025-06-27 05:26:48,1814268408,rate.SN-5-FIT-1-SQ-AFR,3764.0,GOOD
2025-06-27 05:26:53,1814268413,rate.SN-5-FIT-1-SQ-AFR,3764.0,GOOD
2025-06-27 05:26:58,1814268418,rate.SN-5-FIT-1-SQ-AFR,3763.0,GOOD
2025-06-27 05:27:03,1814268423,rate.SN-5-FIT-1-SQ-AFR,3762.0,GOOD
2025-06-27 05:27:08,1814268428,rate.SN-5-FIT-1-SQ-AFR,3761.0,GOOD
2025-06-27 05:27:13,1814268433,rate.SN-5-FIT-1-SQ-AFR,3760.0,GOOD
2025-06-27 05:27:18,1814268438,rate.SN-5-FIT-1-SQ-AFR,3760.0,GOOD
2025-06-27 05:27:23,1814268443,rate.SN-5-FIT-1-SQ-AFR,3759.0,GOOD
2025-06-27 05:27:28,1814268448,rate.SN-5-FIT-1-SQ-AFR,3759.0,GOOD
2025-06-27 05:27:33,1814268453,rate.SN-5-FIT-1-SQ-AFR,3758.0,GOOD
2025-06-27 05:27:38,1814268458,rate.SN-5-FIT-1-SQ-AFR,3756.0,GOOD
2025-06-27 05:27:43,1814268463,rate.SN-5-FIT-1-SQ-AFR,3755.0,GOOD
2025-06-27 05:27:48,1814268468,rate.SN-5-FIT-1-SQ-AFR,3754.0,GOOD
2025-06-27 05:27:53,1814268473,rate.SN-5-FIT-1-SQ-AFR,3754.0,GOOD
2025-06-27 05:27:58,1814268478,rate.SN-5-FIT-1-SQ-AFR,3755.0,GOOD
2025-06-27 05:28:03,1814268483,rate.SN-5-FIT-1-SQ-AFR,3755.0,GOOD
2025-06-27 05:28:08,1814268488,rate.SN-5-FIT-1-SQ-AFR,3755.0,GOOD
2025-06-27 05:28:13,1814268493,rate.SN-5-FIT-1-SQ-AFR,3754.0,GOOD
2025-06-27 05:28:18,1814268498,rate.SN-5-FIT-1-SQ-AFR,3754.0,GOOD
2025-06-27 05:28:23,1814268503,rate.SN-5-FIT-1-SQ-AFR,3754.0,GOOD
2025-06-27 05:28:28,1814268508,rate.SN-5-FIT-1-SQ-AFR,3754.0,GOOD
2025-06-27 05:28:33,1814268513,rate.SN-5-FIT-1-SQ-AFR,3754.0,GOOD
2025-06-27 05:28:38,1814268518,rate.SN-5-FIT-1-SQ-AFR,3752.0,GOOD
2025-06-27 05:28:43,1814268523,rate.SN-5-FIT-1-SQ-AFR,3751.0,GOOD
2025-06-27 05:28:48,1814268528,rate.SN-5-FIT-1-SQ-AFR,3751.0,GOOD
2025-06-27 05:28:53,1814268533,rate.SN-5-FIT-1-SQ-AFR,3751.0,GOOD
2025-06-27 05:28:58,1814268538,rate.SN-5-FIT-1-SQ-AFR,3749.0,GOOD
2025-06-27 05:29:03,1814268543,rate.SN-5-FIT-1-SQ-AFR,3751.0,GOOD
2025-06-27 05:29:08,1814268548,rate.SN-5-FIT-1-SQ-AFR,3752.0,GOOD
2025-06-27 05:29:13,1814268553,rate.SN-5-FIT-1-SQ-AFR,3750.0,GOOD
2025-06-27 05:29:18,1814268558,rate.SN-5-FIT-1-SQ-AFR,3750.0,GOOD
2025-06-27 05:29:23,1814268563,rate.SN-5-FIT-1-SQ-AFR,3751.0,GOOD
2025-06-27 05:29:28,1814268568,rate.SN-5-FIT-1-SQ-AFR,3749.0,GOOD
2025-06-27 05:29:33,1814268573,rate.SN-5-FIT-1-SQ-AFR,3748.0,GOOD
2025-06-27 05:29:38,1814268578,rate.SN-5-FIT-1-SQ-AFR,3747.0,GOOD
2025-06-27 05:29:43,1814268583,rate.SN-5-FIT-1-SQ-AFR,3700.0,GOOD
2025-06-27 05:29:48,1814268588,rate.SN-5-FIT-1-SQ-AFR,3678.0,GOOD
2025-06-27 05:29:53,1814268593,rate.SN-5-FIT-1-SQ-AFR,3684.0,GOOD
2025-06-27 05:29:58,1814268598,rate.SN-5-FIT-1-SQ-AFR,3690.0,GOOD
